Title,Date,Location
Software Engineer - Hybrid,Oct 21,(San Diego)
Software Engineer - Hybrid,Oct 21,(San Diego)
Software Engineer - Hybrid,Oct 21,(San Diego)
Software Engineer - Hybrid,Oct 21,(San Diego)
Software Engineer - Hybrid,Oct 21,(San Diego)
Software Engineer - Hybrid,Oct 21,(San Diego)
Software Engineer - Hybrid,Oct 21,(San Diego)
Software Engineer - Hybrid,Oct 21,(San Diego)
Software Engineer - Hybrid,Oct 21,(San Diego)
Software Engineer - Hybrid,Oct 21,(San Diego)
Software Engineer - Hybrid,Oct 21,(San Diego)
Software Engineer - Hybrid,Oct 21,(San Diego)
Software Engineer - Hybrid,Oct 21,(San Diego)
Software Engineer - Hybrid,Oct 21,(San Diego)
Software Engineer - Hybrid,Oct 21,(San Diego)
Software Engineer - Hybrid,Oct 21,(San Diego)
Software Engineer - Hybrid,Oct 21,(San Diego)
Software Engineer - Hybrid,Oct 21,(San Diego)
Software Engineer - Hybrid,Oct 21,(San Diego)
Software Engineer - Hybrid,Oct 21,(San Diego)
Software Engineer - Hybrid,Oct 21,(San Diego)
Software Engineer - Hybrid,Oct 21,(San Diego)
Software Engineer - Hybrid,Oct 21,(San Diego)
Software Engineer - Hybrid,Oct 21,(San Diego)
Software Engineer - Hybrid,Oct 21,(San Diego)
Software Engineer - Hybrid,Oct 21,(San Diego)
Software Engineer - Hybrid,Oct 21,(San Diego)
Software Engineer - Hybrid,Oct 21,(San Diego)
Software Engineer - Hybrid,Oct 21,(San Diego)
Software Engineer - Hybrid,Oct 21,(San Diego)
Software Engineer - Hybrid,Oct 21,(San Diego)
Software Engineer - Hybrid,Oct 21,(San Diego)
Software Engineer - Hybrid,Oct 21,(San Diego)
Software Engineer - Hybrid,Oct 21,(San Diego)
Software Engineer - Hybrid,Oct 21,(San Diego)
Software Engineer - Hybrid,Oct 21,(San Diego)
Software Engineer - Hybrid,Oct 21,(San Diego)
Software Engineer - Hybrid,Oct 21,(San Diego)
Software Engineer - Hybrid,Oct 21,(San Diego)
Software Engineer - Hybrid,Oct 21,(San Diego)
Software Engineer - Hybrid,Oct 21,(San Diego)
Software Engineer - Hybrid,Oct 21,(San Diego)
Software Engineer - Hybrid,Oct 21,(San Diego)
Software Engineer - Hybrid,Oct 21,(San Diego)
Software Engineer - Hybrid,Oct 21,(San Diego)
Software Engineer - Hybrid,Oct 21,(San Diego)
Software Engineer - Hybrid,Oct 21,(San Diego)
Software Engineer - Hybrid,Oct 21,(San Diego)
